customer_id,name,age,phone
C0001,Mohammed Al-Saud,53,055440189
C0002,Yara Al-Otaibi,61,057989166
C0003,Lina Al-Saud,43,055859883
C0004,Yara Al-Qahtani,42,055108369
C0005,Yara Al-Harbi,31,058609207
C0006,Mohammed Al-Saud,22,058375356
C0007,Khalid Al-Zahrani,41,054422938
C0008,Hassan Al-Harthy,32,056357240
C0009,Salem Al-Mutairi,37,053193891
C0010,Hassan Al-Farsi,32,055055688
C0011,Noura Al-Farsi,29,058542969
C0012,Sara Al-Harthy,18,051849015
C0013,Ali Al-Harbi,67,058015136
C0014,Sara Al-Harthy,64,056493461
C0015,Lina Al-Mutairi,24,053673322
C0016,Noura Al-Zahrani,43,056176450
C0017,Noura Al-Saud,17,057597509
C0018,Omar Al-Zahrani,27,054609524
C0019,Lina Al-Mutairi,15,051847927
C0020,Ali Al-Zahrani,50,058895137
C0021,Ali Al-Saud,66,052803501
C0022,Khalid Al-Harthy,68,055437118
C0023,Salem Al-Mutairi,60,057765480
C0024,Hassan Al-Saud,37,051858283
C0025,Lina Al-Otaibi,35,055841933
C0026,Mohammed Al-Harbi,44,058555692
C0027,Omar Al-Qahtani,64,052993318
C0028,Fatima Al-Farsi,37,057261229
C0029,Hassan Al-Mutairi,60,053420404
C0030,Sara Al-Harbi,44,051675365
C0031,Ahmed Al-Saud,20,056587495
C0032,Noura Al-Zahrani,21,059648751
C0033,Fatima Al-Mutairi,51,056344047
C0034,Fatima Al-Harbi,51,056020319
C0035,Lina Al-Mutairi,44,059551583
C0036,Omar Al-Zahrani,57,056029651
C0037,Noura Al-Saud,35,056557278
C0038,Yara Al-Farsi,38,056161977
C0039,Salem Al-Saud,50,058962302
C0040,Ali Al-Otaibi,58,051861596
C0041,Lina Al-Zahrani,22,059795159
C0042,Yara Al-Harbi,21,055063384
C0043,Ahmed Al-Farsi,24,051317716
C0044,Noura Al-Mutairi,38,053540594
C0045,Khalid Al-Otaibi,38,059419134
C0046,Lina Al-Zahrani,67,052044906
C0047,Salem Al-Harthy,45,054478616
C0048,Omar Al-Mutairi,54,059025733
C0049,Omar Al-Harbi,32,053905518
C0050,Noura Al-Mutairi,46,056943949
C0051,Yara Al-Qahtani,51,059123194
C0052,Sara Al-Otaibi,29,056007984
C0053,Sara Al-Qahtani,61,055848684
C0054,Salem Al-Otaibi,56,059204110
C0055,Hassan Al-Zahrani,34,055587856
C0056,Ali Al-Farsi,48,057370211
C0057,Khalid Al-Mutairi,61,053457461
C0058,Ali Al-Saud,30,052325893
C0059,Hassan Al-Zahrani,53,055302415
C0060,Salem Al-Zahrani,25,054390138
C0061,Omar Al-Qahtani,47,055557052
C0062,Fatima Al-Farsi,51,055014486
C0063,Sara Al-Saud,54,059909397
C0064,Sara Al-Otaibi,15,052681042
C0065,Khalid Al-Mutairi,57,058925622
C0066,Mohammed Al-Harthy,12,053649811
C0067,Khalid Al-Zahrani,42,054346315
C0068,Ali Al-Mutairi,30,051992583
C0069,Mohammed Al-Otaibi,46,051625760
C0070,Fatima Al-Harbi,68,053949245
C0071,Ahmed Al-Harbi,62,059311162
C0072,Fatima Al-Qahtani,68,051628578
C0073,Ahmed Al-Qahtani,48,052800206
C0074,Hassan Al-Qahtani,41,059796605
C0075,Noura Al-Harthy,66,059459284
C0076,Noura Al-Qahtani,24,052889899
C0077,Hassan Al-Harthy,58,058699307
C0078,Yara Al-Qahtani,57,054123902
C0079,Ahmed Al-Mutairi,62,055949685
C0080,Lina Al-Otaibi,23,057802999
C0081,Khalid Al-Mutairi,17,057724865
C0082,Yara Al-Farsi,23,053359075
C0083,Noura Al-Mutairi,27,051114590
C0084,Ali Al-Harbi,27,058494978
C0085,Ali Al-Mutairi,31,051191859
C0086,Ali Al-Mutairi,56,054964499
C0087,Ahmed Al-Farsi,41,056147356
C0088,Fatima Al-Harbi,55,059430894
C0089,Salem Al-Qahtani,56,052969909
C0090,Yara Al-Qahtani,35,054705235
C0091,Sara Al-Harthy,42,053570027
C0092,Noura Al-Mutairi,38,058899184
C0093,Omar Al-Otaibi,60,055151780
C0094,Yara Al-Farsi,45,058495187
C0095,Omar Al-Mutairi,16,052882551
C0096,Ahmed Al-Otaibi,48,053514105
C0097,Fatima Al-Mutairi,66,059729882
C0098,Noura Al-Farsi,55,054446065
C0099,Salem Al-Zahrani,17,059562677
C0100,Noura Al-Saud,41,053213658
C0101,Omar Al-Harbi,41,051968662
C0102,Omar Al-Zahrani,55,056170227
C0103,Salem Al-Saud,37,055269083
C0104,Ahmed Al-Otaibi,49,052225232
C0105,Ahmed Al-Harbi,34,052069713
C0106,Omar Al-Saud,69,052157949
C0107,Noura Al-Saud,30,057859648
C0108,Fatima Al-Harthy,61,058052503
C0109,Hassan Al-Harbi,40,057333337
C0110,Khalid Al-Farsi,55,053231198
C0111,Yara Al-Mutairi,19,053994290
C0112,Omar Al-Harbi,45,053136529
C0113,Salem Al-Otaibi,65,051058272
C0114,Ahmed Al-Qahtani,41,058115687
C0115,Omar Al-Harbi,64,054853123
C0116,Sara Al-Zahrani,34,053602504
C0117,Ali Al-Otaibi,68,052893218
C0118,Ahmed Al-Harbi,51,051262492
C0119,Sara Al-Otaibi,16,052692765
C0120,Lina Al-Saud,40,051816653
C0121,Sara Al-Saud,37,058364573
C0122,Sara Al-Otaibi,60,051946973
C0123,Fatima Al-Qahtani,26,056350316
C0124,Lina Al-Mutairi,27,056062767
C0125,Fatima Al-Otaibi,38,056041569
C0126,Ali Al-Saud,47,053938247
C0127,Yara Al-Harbi,47,059315137
C0128,Ahmed Al-Mutairi,53,057394713
C0129,Omar Al-Mutairi,56,057984768
C0130,Khalid Al-Harthy,31,057315953
C0131,Fatima Al-Zahrani,27,054780654
C0132,Ali Al-Harthy,63,058768273
C0133,Ahmed Al-Harbi,38,059891787
C0134,Fatima Al-Harbi,27,055278117
C0135,Sara Al-Mutairi,53,052326581
C0136,Noura Al-Mutairi,17,059986473
C0137,Salem Al-Otaibi,15,055504038
C0138,Khalid Al-Saud,67,052221118
C0139,Sara Al-Otaibi,42,054504577
C0140,Hassan Al-Qahtani,70,051257256
C0141,Sara Al-Otaibi,59,052968239
C0142,Salem Al-Zahrani,70,055070038
C0143,Salem Al-Otaibi,37,055015307
C0144,Omar Al-Mutairi,61,055748945
C0145,Khalid Al-Zahrani,46,057027375
C0146,Ali Al-Qahtani,35,059603633
C0147,Noura Al-Zahrani,18,058876742
C0148,Hassan Al-Otaibi,35,056249960
C0149,Khalid Al-Saud,48,054712363
C0150,Salem Al-Harthy,13,055375063
C0151,Omar Al-Harbi,30,053557039
C0152,Sara Al-Mutairi,26,057372653
C0153,Lina Al-Otaibi,43,056663388
C0154,Ali Al-Zahrani,58,059230828
C0155,Noura Al-Harthy,58,056908535
C0156,Fatima Al-Harthy,58,059192588
C0157,Fatima Al-Saud,45,051567468
C0158,Mohammed Al-Saud,60,051107102
C0159,Khalid Al-Harthy,65,054882808
C0160,Mohammed Al-Harthy,12,054669507
C0161,Omar Al-Zahrani,35,052014184
C0162,Lina Al-Zahrani,54,059184838
C0163,Ahmed Al-Saud,46,057901115
C0164,Ahmed Al-Saud,45,055609384
C0165,Omar Al-Qahtani,13,059425786
C0166,Salem Al-Harbi,63,054007598
C0167,Mohammed Al-Farsi,45,053498085
C0168,Sara Al-Otaibi,51,059832465
C0169,Ali Al-Mutairi,29,057658817
C0170,Mohammed Al-Mutairi,37,058700704
C0171,Lina Al-Otaibi,56,054789255
C0172,Ali Al-Farsi,53,051531577
C0173,Mohammed Al-Harbi,36,057327855
C0174,Omar Al-Zahrani,15,051158547
C0175,Salem Al-Harthy,17,059386232
C0176,Khalid Al-Mutairi,48,052599906
C0177,Omar Al-Saud,26,054546989
C0178,Salem Al-Zahrani,29,051781180
C0179,Mohammed Al-Qahtani,69,051552000
C0180,Fatima Al-Mutairi,13,054475536
C0181,Lina Al-Harthy,60,057682298
C0182,Mohammed Al-Qahtani,22,055034453
C0183,Lina Al-Harbi,55,056565503
C0184,Khalid Al-Harthy,62,052315798
C0185,Omar Al-Mutairi,15,052638895
C0186,Khalid Al-Otaibi,65,052275374
C0187,Hassan Al-Harbi,61,056475691
C0188,Ahmed Al-Qahtani,62,058558977
C0189,Noura Al-Otaibi,34,057298619
C0190,Khalid Al-Harthy,55,057376562
C0191,Mohammed Al-Qahtani,63,055134741
C0192,Salem Al-Farsi,17,055495824
C0193,Fatima Al-Harbi,57,053588336
C0194,Salem Al-Harbi,32,057051545
C0195,Mohammed Al-Farsi,12,056171869
C0196,Noura Al-Mutairi,60,055525929
C0197,Mohammed Al-Harthy,17,054143912
C0198,Khalid Al-Zahrani,47,059597330
C0199,Khalid Al-Farsi,13,052503554
C0200,Hassan Al-Farsi,50,056443037
C0201,Khalid Al-Saud,30,057942580
C0202,Khalid Al-Farsi,58,055072543
C0203,Lina Al-Harthy,55,057387623
C0204,Fatima Al-Harthy,29,056052144
C0205,Ali Al-Zahrani,21,052061446
C0206,Fatima Al-Harbi,29,058064924
C0207,Ali Al-Zahrani,62,052290526
C0208,Hassan Al-Qahtani,27,059318184
C0209,Lina Al-Otaibi,41,052794698
C0210,Fatima Al-Qahtani,12,057638609
C0211,Hassan Al-Harbi,63,056528792
C0212,Noura Al-Mutairi,39,053283789
C0213,Ali Al-Mutairi,50,054369728
C0214,Noura Al-Mutairi,23,057681351
C0215,Hassan Al-Qahtani,59,059237735
C0216,Lina Al-Otaibi,32,057309161
C0217,Ali Al-Harbi,35,052910720
C0218,Lina Al-Otaibi,49,054018677
C0219,Yara Al-Saud,58,058744735
C0220,Salem Al-Otaibi,40,055887726
C0221,Salem Al-Farsi,64,057864256
C0222,Yara Al-Zahrani,20,056080688
C0223,Sara Al-Qahtani,54,053586094
C0224,Salem Al-Harbi,62,057324856
C0225,Mohammed Al-Zahrani,50,059040224
C0226,Lina Al-Harbi,46,059499549
C0227,Salem Al-Harbi,46,051616817
C0228,Hassan Al-Farsi,18,055164624
C0229,Yara Al-Mutairi,22,051743175
C0230,Lina Al-Harbi,60,056563269
C0231,Khalid Al-Farsi,12,052654343
C0232,Ali Al-Otaibi,44,059703982
C0233,Omar Al-Otaibi,40,057276684
C0234,Khalid Al-Zahrani,61,059396422
C0235,Fatima Al-Mutairi,13,059099554
C0236,Mohammed Al-Qahtani,38,052440404
C0237,Mohammed Al-Harthy,34,056232651
C0238,Hassan Al-Zahrani,62,054470657
C0239,Omar Al-Zahrani,34,058988681
C0240,Mohammed Al-Zahrani,58,058590804
C0241,Hassan Al-Farsi,31,051749657
C0242,Salem Al-Farsi,13,056755892
C0243,Yara Al-Farsi,55,053757404
C0244,Salem Al-Otaibi,45,053926839
C0245,Omar Al-Harthy,33,058153291
C0246,Noura Al-Otaibi,63,057795568
C0247,Yara Al-Harthy,23,058250013
C0248,Khalid Al-Saud,59,054310554
C0249,Noura Al-Harbi,36,051074659
C0250,Salem Al-Otaibi,25,055669851
C0251,Salem Al-Farsi,48,052707116
C0252,Omar Al-Harthy,35,056469119
C0253,Sara Al-Zahrani,19,055401559
C0254,Yara Al-Zahrani,45,056258048
C0255,Lina Al-Harbi,51,057585795
C0256,Lina Al-Farsi,34,056905327
C0257,Noura Al-Harthy,64,055990296
C0258,Lina Al-Farsi,55,053247270
C0259,Hassan Al-Farsi,27,056123426
C0260,Mohammed Al-Harthy,35,053371602
C0261,Omar Al-Harbi,38,053313029
C0262,Lina Al-Harbi,39,054116429
C0263,Noura Al-Harthy,47,053799538
C0264,Noura Al-Qahtani,20,054138993
C0265,Hassan Al-Zahrani,51,051899447
C0266,Hassan Al-Saud,43,053290672
C0267,Sara Al-Harbi,47,059479842
C0268,Yara Al-Zahrani,38,059249791
C0269,Khalid Al-Zahrani,43,053806047
C0270,Mohammed Al-Saud,62,054699871
C0271,Ali Al-Saud,29,054772246
C0272,Omar Al-Qahtani,22,058672579
C0273,Lina Al-Zahrani,47,059569902
C0274,Mohammed Al-Farsi,29,057154919
C0275,Omar Al-Saud,60,058404902
C0276,Omar Al-Otaibi,39,052718262
C0277,Salem Al-Otaibi,31,051540736
C0278,Noura Al-Qahtani,34,052459332
C0279,Noura Al-Farsi,61,054975295
C0280,Sara Al-Mutairi,67,058183451
C0281,Fatima Al-Harthy,62,054466502
C0282,Sara Al-Saud,48,056885707
C0283,Omar Al-Qahtani,50,053824903
C0284,Hassan Al-Qahtani,30,055485272
C0285,Omar Al-Farsi,20,057905438
C0286,Ahmed Al-Qahtani,67,053128830
C0287,Salem Al-Harthy,27,053453557
C0288,Salem Al-Mutairi,65,055153279
C0289,Yara Al-Harbi,43,053385244
C0290,Lina Al-Qahtani,52,057949543
C0291,Khalid Al-Zahrani,16,052561871
C0292,Khalid Al-Qahtani,56,057191986
C0293,Noura Al-Zahrani,32,051041491
C0294,Salem Al-Farsi,58,058691502
C0295,Yara Al-Mutairi,66,052062512
C0296,Omar Al-Harbi,25,058208215
C0297,Sara Al-Zahrani,29,056416778
C0298,Ali Al-Mutairi,47,053191007
C0299,Lina Al-Zahrani,62,056766993
C0300,Yara Al-Saud,14,052670586
C0301,Yara Al-Zahrani,13,053084353
C0302,Fatima Al-Zahrani,41,051011340
C0303,Khalid Al-Otaibi,56,053213134
C0304,Yara Al-Qahtani,22,055597283
C0305,Mohammed Al-Mutairi,28,052382787
C0306,Hassan Al-Harthy,15,057649508
C0307,Yara Al-Qahtani,58,054928281
C0308,Khalid Al-Farsi,57,052596917
C0309,Ahmed Al-Otaibi,42,052307594
C0310,Fatima Al-Otaibi,45,058466983
C0311,Ahmed Al-Saud,56,056764217
C0312,Mohammed Al-Harbi,56,053217531
C0313,Noura Al-Farsi,26,057426846
C0314,Mohammed Al-Farsi,18,056257165
C0315,Hassan Al-Qahtani,20,057420993
C0316,Fatima Al-Harthy,16,059900451
C0317,Lina Al-Saud,51,053753418
C0318,Noura Al-Mutairi,58,054574477
C0319,Yara Al-Harthy,70,057907345
C0320,Lina Al-Zahrani,67,054644760
C0321,Mohammed Al-Farsi,20,053066235
C0322,Lina Al-Harbi,34,058203947
C0323,Hassan Al-Harthy,27,055646746
C0324,Yara Al-Farsi,27,055780177
C0325,Salem Al-Saud,66,056060836
C0326,Sara Al-Otaibi,59,057572491
C0327,Ali Al-Saud,62,055015476
C0328,Noura Al-Harbi,19,055044680
C0329,Noura Al-Farsi,45,051202450
C0330,Hassan Al-Mutairi,20,057490068
C0331,Lina Al-Harbi,35,053898604
C0332,Noura Al-Farsi,13,052133008
C0333,Ahmed Al-Qahtani,25,051668183
C0334,Ahmed Al-Harbi,44,055806467
C0335,Yara Al-Harbi,39,057749095
C0336,Mohammed Al-Harthy,29,052402526
C0337,Ali Al-Farsi,44,054409088
C0338,Fatima Al-Mutairi,37,052109227
C0339,Ali Al-Harbi,58,055003671
C0340,Ahmed Al-Otaibi,17,058289425
C0341,Mohammed Al-Zahrani,51,051923227
C0342,Ali Al-Harthy,19,051212482
C0343,Salem Al-Harthy,56,051190431
C0344,Fatima Al-Zahrani,34,059774573
C0345,Omar Al-Qahtani,22,057238933
C0346,Fatima Al-Qahtani,58,052980663
C0347,Ahmed Al-Mutairi,63,058202871
C0348,Ali Al-Farsi,28,052293020
C0349,Noura Al-Zahrani,44,057041876
C0350,Ahmed Al-Zahrani,66,053799805
C0351,Hassan Al-Harthy,28,052726457
C0352,Lina Al-Farsi,26,059536665
C0353,Ahmed Al-Saud,66,051206159
C0354,Sara Al-Saud,42,057106512
C0355,Khalid Al-Harthy,23,051593302
C0356,Omar Al-Harbi,26,056398941
C0357,Sara Al-Harbi,70,056367620
C0358,Ali Al-Farsi,48,057254683
C0359,Mohammed Al-Saud,23,054744423
C0360,Omar Al-Saud,37,052156393
C0361,Noura Al-Qahtani,61,056212643
C0362,Hassan Al-Farsi,47,058662929
C0363,Ahmed Al-Mutairi,24,055892153
C0364,Lina Al-Qahtani,59,055069884
C0365,Noura Al-Mutairi,49,059277218
C0366,Sara Al-Otaibi,21,051107003
C0367,Khalid Al-Saud,26,056812025
C0368,Yara Al-Saud,33,051024528
C0369,Yara Al-Harbi,66,056159172
C0370,Mohammed Al-Otaibi,45,054995789
C0371,Khalid Al-Zahrani,15,053388630
C0372,Salem Al-Qahtani,17,051736524
C0373,Sara Al-Harbi,56,057249378
C0374,Noura Al-Farsi,49,052603516
C0375,Omar Al-Harthy,52,057616116
C0376,Mohammed Al-Saud,39,053192921
C0377,Sara Al-Qahtani,28,056284972
C0378,Khalid Al-Mutairi,32,058596016
C0379,Ali Al-Otaibi,16,054400953
C0380,Fatima Al-Farsi,21,052772642
C0381,Fatima Al-Zahrani,41,056268604
C0382,Khalid Al-Farsi,46,057011065
C0383,Sara Al-Zahrani,31,058773665
C0384,Ali Al-Farsi,17,053644347
C0385,Yara Al-Qahtani,64,051676621
C0386,Sara Al-Mutairi,21,052530298
C0387,Salem Al-Otaibi,34,057647878
C0388,Omar Al-Saud,55,056013715
C0389,Ali Al-Harthy,13,057784575
C0390,Noura Al-Otaibi,18,058751799
C0391,Mohammed Al-Harthy,19,051200603
C0392,Ahmed Al-Otaibi,20,054324120
C0393,Khalid Al-Mutairi,55,052409947
C0394,Lina Al-Qahtani,70,052258076
C0395,Ahmed Al-Farsi,24,058439543
C0396,Fatima Al-Farsi,69,056562484
C0397,Mohammed Al-Saud,41,051849559
C0398,Fatima Al-Harbi,64,057626978
C0399,Noura Al-Saud,36,058158234
C0400,Fatima Al-Mutairi,25,054139874
C0401,Ali Al-Qahtani,40,053493621
C0402,Ahmed Al-Otaibi,53,055951043
C0403,Noura Al-Harbi,68,059036805
C0404,Ahmed Al-Farsi,29,057425930
C0405,Fatima Al-Harbi,24,059821696
C0406,Sara Al-Saud,36,057024901
C0407,Noura Al-Zahrani,34,059428760
C0408,Hassan Al-Harbi,29,054016809
C0409,Ahmed Al-Mutairi,50,054674549
C0410,Ahmed Al-Qahtani,15,058913550
C0411,Omar Al-Mutairi,61,054905100
C0412,Fatima Al-Farsi,27,055045872
C0413,Ali Al-Saud,60,054681115
C0414,Lina Al-Harbi,34,053914404
C0415,Fatima Al-Otaibi,49,056335227
C0416,Salem Al-Mutairi,70,051473227
C0417,Salem Al-Mutairi,48,053384080
C0418,Lina Al-Otaibi,65,059258194
C0419,Omar Al-Qahtani,23,059228157
C0420,Ahmed Al-Farsi,15,054902772
C0421,Lina Al-Otaibi,13,059832340
C0422,Noura Al-Saud,33,054380011
C0423,Fatima Al-Mutairi,57,053977282
C0424,Hassan Al-Saud,13,053478196
C0425,Lina Al-Harthy,61,052860938
C0426,Omar Al-Mutairi,16,057267813
C0427,Salem Al-Harbi,49,052695038
C0428,Hassan Al-Qahtani,32,053289279
C0429,Fatima Al-Harbi,62,059173859
C0430,Yara Al-Mutairi,23,056986539
C0431,Sara Al-Harthy,36,056147639
C0432,Salem Al-Qahtani,20,053981450
C0433,Salem Al-Saud,56,057569981
C0434,Lina Al-Saud,23,056338793
C0435,Lina Al-Otaibi,52,052746679
C0436,Noura Al-Harthy,33,052305378
C0437,Sara Al-Mutairi,32,053816683
C0438,Yara Al-Farsi,64,056632941
C0439,Noura Al-Saud,28,054517918
C0440,Sara Al-Farsi,34,055306005
C0441,Mohammed Al-Saud,15,057474950
C0442,Noura Al-Harbi,22,057946088
C0443,Noura Al-Harbi,34,057297287
C0444,Mohammed Al-Zahrani,62,054784650
C0445,Fatima Al-Zahrani,16,051560573
C0446,Ali Al-Saud,32,055380995
C0447,Mohammed Al-Farsi,33,053853891
C0448,Khalid Al-Harthy,58,052258331
C0449,Omar Al-Farsi,33,059098979
C0450,Salem Al-Saud,39,053768193
C0451,Lina Al-Harbi,22,051898516
C0452,Mohammed Al-Mutairi,25,054187406
C0453,Khalid Al-Qahtani,54,055723173
C0454,Ali Al-Otaibi,18,051832744
C0455,Khalid Al-Zahrani,21,051914439
C0456,Hassan Al-Saud,39,052470159
C0457,Ali Al-Zahrani,24,052627170
C0458,Ahmed Al-Otaibi,22,055895783
C0459,Mohammed Al-Zahrani,66,052937918
C0460,Ali Al-Harbi,42,059205682
C0461,Yara Al-Qahtani,17,057501626
C0462,Fatima Al-Mutairi,68,057399588
C0463,Hassan Al-Harthy,40,051748547
C0464,Ali Al-Zahrani,41,055419132
C0465,Sara Al-Qahtani,48,052034137
C0466,Fatima Al-Farsi,17,056767862
C0467,Omar Al-Harbi,60,054817030
C0468,Omar Al-Saud,65,057494562
C0469,Omar Al-Harbi,46,058966231
C0470,Lina Al-Otaibi,42,056013906
C0471,Mohammed Al-Harbi,69,051582647
C0472,Omar Al-Harthy,19,058533636
C0473,Fatima Al-Harthy,25,054233407
C0474,Fatima Al-Saud,39,052314805
C0475,Yara Al-Harbi,24,053480985
C0476,Lina Al-Qahtani,32,052124274
C0477,Mohammed Al-Harbi,47,057666510
C0478,Omar Al-Mutairi,66,055633880
C0479,Omar Al-Zahrani,70,051207430
C0480,Salem Al-Harbi,19,057953189
C0481,Fatima Al-Harthy,48,052681144
C0482,Mohammed Al-Farsi,62,055799841
C0483,Omar Al-Mutairi,68,057893590
C0484,Ali Al-Harbi,53,059146760
C0485,Lina Al-Zahrani,14,053889032
C0486,Ali Al-Harbi,21,057739741
C0487,Ahmed Al-Harbi,68,056561547
C0488,Salem Al-Otaibi,15,058972838
C0489,Ali Al-Mutairi,13,056668452
C0490,Ali Al-Qahtani,29,059248001
C0491,Salem Al-Farsi,67,054824490
C0492,Fatima Al-Qahtani,59,058434162
C0493,Hassan Al-Qahtani,58,057992286
C0494,Lina Al-Farsi,24,058410774
C0495,Sara Al-Harbi,59,059127895
C0496,Omar Al-Mutairi,64,051942977
C0497,Omar Al-Harthy,16,056219779
C0498,Salem Al-Harbi,20,059796063
C0499,Lina Al-Saud,23,054234033
C0500,Sara Al-Saud,27,051554840
C0501,Noura Al-Saud,70,057046090
C0502,Salem Al-Otaibi,29,057179919
C0503,Noura Al-Harbi,52,053078241
C0504,Yara Al-Saud,27,057248955
C0505,Noura Al-Zahrani,23,058962169
C0506,Lina Al-Mutairi,34,053743303
C0507,Ali Al-Farsi,30,051460542
C0508,Khalid Al-Saud,22,054595669
C0509,Sara Al-Otaibi,55,054468370
C0510,Ali Al-Harbi,44,051336422
C0511,Yara Al-Saud,42,053219862
C0512,Yara Al-Harthy,50,051141997
C0513,Sara Al-Qahtani,50,056124763
C0514,Salem Al-Qahtani,39,057316209
C0515,Hassan Al-Zahrani,28,054660940
C0516,Noura Al-Qahtani,55,059734854
C0517,Lina Al-Harbi,49,052716512
C0518,Ahmed Al-Mutairi,47,055742531
C0519,Ali Al-Farsi,42,052071008
C0520,Hassan Al-Qahtani,52,056454894
C0521,Ali Al-Qahtani,53,056012883
C0522,Sara Al-Harthy,45,055031599
C0523,Ahmed Al-Harbi,54,056361758
C0524,Yara Al-Harthy,58,051427068
C0525,Yara Al-Zahrani,30,055352450
C0526,Khalid Al-Harbi,36,051592554
C0527,Lina Al-Otaibi,33,054730635
C0528,Yara Al-Zahrani,70,057014583
C0529,Omar Al-Qahtani,66,053851902
C0530,Yara Al-Harthy,30,052637507
C0531,Noura Al-Harthy,59,055339457
C0532,Salem Al-Harthy,55,056630978
C0533,Yara Al-Farsi,26,056960666
C0534,Sara Al-Qahtani,38,056558579
C0535,Hassan Al-Qahtani,49,055933359
C0536,Noura Al-Farsi,42,051900549
C0537,Yara Al-Farsi,42,054263903
C0538,Omar Al-Farsi,67,057403346
C0539,Omar Al-Qahtani,38,051907009
C0540,Fatima Al-Harthy,24,056749046
C0541,Khalid Al-Zahrani,21,056308033
C0542,Salem Al-Harthy,61,052355791
C0543,Noura Al-Mutairi,52,053966618
C0544,Hassan Al-Saud,12,058584194
C0545,Ali Al-Otaibi,60,053828735
C0546,Lina Al-Harthy,43,052477088
C0547,Fatima Al-Harbi,52,058204299
C0548,Khalid Al-Harbi,42,057430982
C0549,Ahmed Al-Saud,46,054345615
C0550,Salem Al-Mutairi,12,056405839
C0551,Omar Al-Otaibi,13,051069186
C0552,Yara Al-Otaibi,26,056777230
C0553,Ali Al-Harthy,18,057434909
C0554,Omar Al-Qahtani,22,052095334
C0555,Ahmed Al-Qahtani,30,058649174
C0556,Salem Al-Mutairi,39,053244614
C0557,Hassan Al-Zahrani,34,054161264
C0558,Fatima Al-Harbi,13,054832222
C0559,Sara Al-Harthy,25,051367643
C0560,Lina Al-Harthy,19,057150383
C0561,Salem Al-Saud,36,055291430
C0562,Omar Al-Saud,50,051804641
C0563,Yara Al-Farsi,53,051331211
C0564,Ahmed Al-Farsi,38,058454356
C0565,Khalid Al-Farsi,47,055240244
C0566,Noura Al-Harthy,25,051156104
C0567,Ali Al-Harbi,54,052694160
C0568,Yara Al-Qahtani,51,053301222
C0569,Khalid Al-Farsi,44,052975258
C0570,Ali Al-Farsi,62,052782809
C0571,Noura Al-Otaibi,50,054351238
C0572,Ali Al-Otaibi,34,057874568
C0573,Ali Al-Harthy,14,059327450
C0574,Sara Al-Zahrani,33,054934345
C0575,Ahmed Al-Saud,54,052493219
C0576,Mohammed Al-Zahrani,21,052511336
C0577,Omar Al-Farsi,58,052699372
C0578,Ali Al-Otaibi,41,055966428
C0579,Ali Al-Zahrani,15,052674515
C0580,Fatima Al-Saud,66,055874908
C0581,Hassan Al-Mutairi,39,052944497
C0582,Mohammed Al-Saud,12,053321873
C0583,Yara Al-Harthy,33,056998314
C0584,Noura Al-Qahtani,68,052559464
C0585,Hassan Al-Mutairi,23,052909784
C0586,Khalid Al-Harbi,41,055560602
C0587,Khalid Al-Zahrani,63,058075620
C0588,Yara Al-Harthy,19,053223175
C0589,Salem Al-Saud,66,053674211
C0590,Mohammed Al-Harbi,70,059097940
C0591,Lina Al-Zahrani,23,057371160
C0592,Hassan Al-Saud,67,053192032
C0593,Noura Al-Zahrani,19,057900204
C0594,Noura Al-Saud,16,055389135
C0595,Yara Al-Mutairi,12,059804983
C0596,Salem Al-Otaibi,54,056675742
C0597,Omar Al-Farsi,39,055170429
C0598,Noura Al-Mutairi,54,057457158
C0599,Fatima Al-Saud,12,053632804
C0600,Omar Al-Zahrani,66,059318729
